[
    {
      "author": "Jayme Petracci",
      "title": "This is awesome!",
      "content": "Lorem ipsum dolor sit amet consectetur adipisicing elit. Veniam repellendus pariatur nihil rem deserunt nobis veritatis esse placeat facere voluptatum ducimus corrupti in, eligendi inventore maiores, reprehenderit explicabo quam doloribus.",
      "imgSrc": "https://randomuser.me/api/portraits/men/46.jpg"
    },
    {
      "author": "Liuka Kivell",
      "title": "The best tutorial!",
      "content": "Lorem ipsum dolor sit amet consectetur adipisicing elit. Veniam repellendus pariatur nihil rem deserunt nobis veritatis esse placeat facere voluptatum ducimus corrupti in, eligendi inventore maiores, reprehenderit explicabo quam doloribus.",
      "imgSrc": "https://randomuser.me/api/portraits/men/48.jpg"
    },
    {
      "author": "Chrysler Grinikhinov",
      "title": "Revenue increased by 50%",
      "content": "Lorem ipsum dolor sit amet consectetur adipisicing elit. Veniam repellendus pariatur nihil rem deserunt nobis veritatis esse placeat facere voluptatum ducimus corrupti in, eligendi inventore maiores, reprehenderit explicabo quam doloribus.",
      "imgSrc": "https://randomuser.me/api/portraits/men/49.jpg"
    },
    {
      "author": "Kessiah Cornbell",
      "title": "Lorem ipsum",
      "content": "Lorem ipsum dolor sit amet consectetur adipisicing elit. Veniam repellendus pariatur nihil rem deserunt nobis veritatis esse placeat facere voluptatum ducimus corrupti in, eligendi inventore maiores, reprehenderit explicabo quam doloribus.",
      "imgSrc": "https://randomuser.me/api/portraits/men/50.jpg"
    },
    {
      "author": "Wash Pont",
      "title": "The best overall service",
      "content": "Lorem ipsum dolor sit amet consectetur adipisicing elit. Veniam repellendus pariatur nihil rem deserunt nobis veritatis esse placeat facere voluptatum ducimus corrupti in, eligendi inventore maiores, reprehenderit explicabo quam doloribus.",
      "imgSrc": "https://randomuser.me/api/portraits/men/51.jpg"
    }
  ]